{
  "properties": {
    "connectionReferences": {
      "shared_yet-20another-20todo-20-2d-20test-5f2bc5497eef9-58b55d1da6096942": {
        "runtimeSource": "embedded",
        "connection": {
          "connectionReferenceLogicalName": "crfff_sharedyet20another20todo202d20test5f2bc5497eef958b55d1da6096942_c92cd"
        },
        "api": {
          "name": "shared_yet-20another-20todo-20-2d-20test-5f2bc5497eef9-58b55d1da6096942",
          "logicalName": "jvm_yet-20another-20todo-20-2d-20test"
        }
      }
    },
    "definition": {
      "$schema": "https://schema.management.azure.com/providers/Microsoft.Logic/schemas/2016-06-01/workflowdefinition.json#",
      "contentVersion": "1.0.0.0",
      "parameters": {
        "$connections": {
          "defaultValue": {},
          "type": "Object"
        },
        "$authentication": {
          "defaultValue": {},
          "type": "SecureObject"
        }
      },
      "triggers": {
        "manual": {
          "metadata": {
            "operationMetadataId": "6b65369f-fe4a-43f5-a1b1-3ad89dee9551"
          },
          "type": "Request",
          "kind": "VirtualAgent",
          "inputs": {
            "schema": {
              "type": "object",
              "properties": {
                "text": {
                  "title": "Input",
                  "type": "string",
                  "x-ms-dynamically-added": true,
                  "description": "Please enter your input",
                  "x-ms-content-hint": "TEXT"
                }
              },
              "required": [
                "text"
              ]
            }
          }
        }
      },
      "actions": {
        "Return_value(s)_to_Power_Virtual_Agents": {
          "runAfter": {
            "Complete_task": [
              "Succeeded"
            ]
          },
          "metadata": {
            "operationMetadataId": "ecbb8268-f6aa-4210-a38a-c81f353422e1"
          },
          "type": "Response",
          "kind": "VirtualAgent",
          "inputs": {
            "statusCode": 200,
            "body": {},
            "schema": {
              "type": "object",
              "properties": {}
            }
          }
        },
        "Complete_task": {
          "runAfter": {},
          "metadata": {
            "operationMetadataId": "f53aaefa-c36d-4882-8b2c-423635d3b8b3"
          },
          "type": "OpenApiConnection",
          "inputs": {
            "host": {
              "connectionName": "shared_yet-20another-20todo-20-2d-20test-5f2bc5497eef9-58b55d1da6096942",
              "operationId": "user-task-complete",
              "apiId": ""
            },
            "parameters": {
              "id": "@triggerBody()['text']"
            },
            "authentication": "@parameters('$authentication')"
          }
        }
      },
      "outputs": {}
    },
    "templateName": "c9cd2c4e691a4646adc8aa592c88489b"
  },
  "schemaVersion": "1.0.0.0"
}