{
  "properties": {
    "connectionReferences": {
      "shared_office365": {
        "runtimeSource": "embedded",
        "connection": {},
        "api": {
          "name": "shared_office365"
        }
      },
      "shared_yet-20another-20todo-20-2d-20test-5f2bc5497eef9-58b55d1da6096942": {
        "runtimeSource": "embedded",
        "connection": {},
        "api": {
          "name": "shared_yet-20another-20todo-20-2d-20test-5f2bc5497eef9-58b55d1da6096942",
          "logicalName": "jvm_yet-20another-20todo-20-2d-20test"
        }
      }
    },
    "definition": {
      "$schema": "https://schema.management.azure.com/providers/Microsoft.Logic/schemas/2016-06-01/workflowdefinition.json#",
      "contentVersion": "1.0.0.0",
      "parameters": {
        "$connections": {
          "defaultValue": {},
          "type": "Object"
        },
        "$authentication": {
          "defaultValue": {},
          "type": "SecureObject"
        }
      },
      "triggers": {
        "Monitor_Task": {
          "metadata": {
            "operationMetadataId": "362c33ac-edf3-4ec6-810c-7dee4437e38a"
          },
          "type": "OpenApiConnectionWebhook",
          "inputs": {
            "host": {
              "apiId": "",
              "connectionName": "shared_yet-20another-20todo-20-2d-20test-5f2bc5497eef9-58b55d1da6096942",
              "operationId": "monitor-task"
            },
            "parameters": {
              "body/type": "created"
            },
            "authentication": "@parameters('$authentication')"
          }
        }
      },
      "actions": {
        "Send_an_email_(V2)": {
          "runAfter": {},
          "metadata": {
            "operationMetadataId": "7332a3a9-17b6-4bc6-9670-566bf04ab4bf"
          },
          "type": "OpenApiConnection",
          "inputs": {
            "host": {
              "apiId": "/providers/Microsoft.PowerApps/apis/shared_office365",
              "connectionName": "shared_office365",
              "operationId": "SendEmailV2"
            },
            "parameters": {
              "emailMessage/To": "Jan.vanmeirvenne@gmail.com",
              "emailMessage/Subject": "Task Created",
              "emailMessage/Body": "<p>@{triggerOutputs()?['body/description']}</p>",
              "emailMessage/Importance": "Normal"
            },
            "authentication": "@parameters('$authentication')"
          }
        }
      },
      "outputs": {}
    },
    "templateName": null
  },
  "schemaVersion": "1.0.0.0"
}