<ImportExportXml xmlns:xsi="http://www.w3.org/2001/XMLSchema-instance">
  <Entities></Entities>
  <Roles></Roles>
  <Workflows>
    <Workflow WorkflowId="{f92361f4-6eb1-ed11-83fe-000d3aaca055}" Name="Get Virtual Agent tasks" Description="Call this flow from Power Virtual Agents.">
      <JsonFileName>/Workflows/GetVirtualAgenttasks-F92361F4-6EB1-ED11-83FE-000D3AACA055.json</JsonFileName>
      <Type>1</Type>
      <Subprocess>0</Subprocess>
      <Category>5</Category>
      <Mode>0</Mode>
      <Scope>4</Scope>
      <OnDemand>0</OnDemand>
      <TriggerOnCreate>0</TriggerOnCreate>
      <TriggerOnDelete>0</TriggerOnDelete>
      <AsyncAutodelete>0</AsyncAutodelete>
      <SyncWorkflowLogOnFailure>0</SyncWorkflowLogOnFailure>
      <StateCode>1</StateCode>
      <StatusCode>2</StatusCode>
      <RunAs>1</RunAs>
      <IsTransacted>1</IsTransacted>
      <IntroducedVersion>1.0.0.0</IntroducedVersion>
      <IsCustomizable>1</IsCustomizable>
      <BusinessProcessType>0</BusinessProcessType>
      <IsCustomProcessingStepAllowedForOtherPublishers>1</IsCustomProcessingStepAllowedForOtherPublishers>
      <PrimaryEntity>none</PrimaryEntity>
      <LocalizedNames>
        <LocalizedName languagecode="1033" description="Get Virtual Agent tasks" />
      </LocalizedNames>
      <Descriptions>
        <Description languagecode="1033" description="Call this flow from Power Virtual Agents." />
      </Descriptions>
    </Workflow>
    <Workflow WorkflowId="{a8f7858f-70b1-ed11-83fe-000d3aaca055}" Name="Complete Task - VA" Description="Call this flow from Power Virtual Agents.">
      <JsonFileName>/Workflows/CompleteTask-VA-A8F7858F-70B1-ED11-83FE-000D3AACA055.json</JsonFileName>
      <Type>1</Type>
      <Subprocess>0</Subprocess>
      <Category>5</Category>
      <Mode>0</Mode>
      <Scope>4</Scope>
      <OnDemand>0</OnDemand>
      <TriggerOnCreate>0</TriggerOnCreate>
      <TriggerOnDelete>0</TriggerOnDelete>
      <AsyncAutodelete>0</AsyncAutodelete>
      <SyncWorkflowLogOnFailure>0</SyncWorkflowLogOnFailure>
      <StateCode>1</StateCode>
      <StatusCode>2</StatusCode>
      <RunAs>1</RunAs>
      <IsTransacted>1</IsTransacted>
      <IntroducedVersion>1.0.0.0</IntroducedVersion>
      <IsCustomizable>1</IsCustomizable>
      <BusinessProcessType>0</BusinessProcessType>
      <IsCustomProcessingStepAllowedForOtherPublishers>1</IsCustomProcessingStepAllowedForOtherPublishers>
      <PrimaryEntity>none</PrimaryEntity>
      <LocalizedNames>
        <LocalizedName languagecode="1033" description="Complete Task - VA" />
      </LocalizedNames>
      <Descriptions>
        <Description languagecode="1033" description="Call this flow from Power Virtual Agents." />
      </Descriptions>
    </Workflow>
    <Workflow WorkflowId="{41083ef2-01b3-ed11-83fe-000d3aaca055}" Name="Monitor Task -&gt; Send an email notification (V3)">
      <JsonFileName>/Workflows/MonitorTask-SendanemailnotificationV3-41083EF2-01B3-ED11-83FE-000D3AACA055.json</JsonFileName>
      <Type>1</Type>
      <Subprocess>0</Subprocess>
      <Category>5</Category>
      <Mode>0</Mode>
      <Scope>4</Scope>
      <OnDemand>0</OnDemand>
      <TriggerOnCreate>0</TriggerOnCreate>
      <TriggerOnDelete>0</TriggerOnDelete>
      <AsyncAutodelete>0</AsyncAutodelete>
      <SyncWorkflowLogOnFailure>0</SyncWorkflowLogOnFailure>
      <StateCode>1</StateCode>
      <StatusCode>2</StatusCode>
      <RunAs>1</RunAs>
      <IsTransacted>1</IsTransacted>
      <IntroducedVersion>1.0.0.0</IntroducedVersion>
      <IsCustomizable>1</IsCustomizable>
      <BusinessProcessType>0</BusinessProcessType>
      <IsCustomProcessingStepAllowedForOtherPublishers>1</IsCustomProcessingStepAllowedForOtherPublishers>
      <PrimaryEntity>none</PrimaryEntity>
      <LocalizedNames>
        <LocalizedName languagecode="1033" description="Monitor Task -&gt; Send an email notification (V3)" />
      </LocalizedNames>
    </Workflow>
    <Workflow WorkflowId="{d7910e69-2e6d-4763-82ab-c0845c01f1b6}" Name="Complete Task as Admin">
      <JsonFileName>/Workflows/CompleteTaskasAdmin-D7910E69-2E6D-4763-82AB-C0845C01F1B6.json</JsonFileName>
      <Type>1</Type>
      <Subprocess>0</Subprocess>
      <Category>6</Category>
      <Mode>0</Mode>
      <Scope>4</Scope>
      <OnDemand>0</OnDemand>
      <TriggerOnCreate>0</TriggerOnCreate>
      <TriggerOnDelete>0</TriggerOnDelete>
      <AsyncAutodelete>0</AsyncAutodelete>
      <SyncWorkflowLogOnFailure>0</SyncWorkflowLogOnFailure>
      <StateCode>1</StateCode>
      <StatusCode>2</StatusCode>
      <RunAs>1</RunAs>
      <IsTransacted>1</IsTransacted>
      <IntroducedVersion>1.0</IntroducedVersion>
      <IsCustomizable>1</IsCustomizable>
      <BusinessProcessType>0</BusinessProcessType>
      <UIFlowType>2</UIFlowType>
      <IsCustomProcessingStepAllowedForOtherPublishers>1</IsCustomProcessingStepAllowedForOtherPublishers>
      <Metadata>{"isvalid":true,"schemaVersion":"ROBIN_20211012","containsActiveConnections":false}</Metadata>
      <Inputs>{"schema":{"properties":{"id":{"default":"","description":"","format":null,"title":"id","type":"string","value":""}},"type":"object"}}</Inputs>
      <Outputs>{"schema":null}</Outputs>
      <Dependencies>{"childFlows":[]}</Dependencies>
      <ConnectionReferences>[]</ConnectionReferences>
      <Definition>"@@ConnectionString: ''\r\n@@Type: 'Local'\r\n@@DesktopType: 'local'\r\n@@DisplayName: 'Local computer'\r\nIMPORT 'controlRepo.appmask' AS appmask\r\nIMPORT 'imageRepo.imgrepo' AS imgrepo\r\n@SENSITIVE: []\r\n@INPUT id : { 'Description': '', 'FriendlyName': 'id', 'DefaultValue': '', 'Type': 'String' } \r\nWebAutomation.LaunchEdge.LaunchEdge Url: $'''https://api-jvm-yata.azurewebsites.net/admin/legacy''' WindowState: WebAutomation.BrowserWindowState.Normal ClearCache: False ClearCookies: False WaitForPageToLoadTimeout: 60 Timeout: 60 BrowserInstance=&gt; Browser\r\nWAIT 10\r\nMouseAndKeyboard.SendKeys.FocusAndSendKeys TextToSend: $'''admin{Tab}admin{Return}''' DelayBetweenKeystrokes: 10 SendTextAsHardwareKeys: False\r\nWebAutomation.ExecuteJavascript BrowserInstance: Browser Javascript: $'''function ExecuteScript() { \r\nvar items = document.getElementsByName(\\\"id\\\");\r\nitems.forEach((item) =&gt; {if(item.value == \\'%id%\\'){item.form.submit();}});\r\n}''' Result=&gt; Result\r\n"</Definition>
      <SchemaVersion>2022.06</SchemaVersion>
      <PrimaryEntity>none</PrimaryEntity>
      <LocalizedNames>
        <LocalizedName languagecode="1033" description="Complete Task as Admin" />
      </LocalizedNames>
    </Workflow>
  </Workflows>
  <FieldSecurityProfiles></FieldSecurityProfiles>
  <Templates />
  <EntityMaps />
  <EntityRelationships />
  <OrganizationSettings />
  <optionsets />
  <CustomControls />
  <EntityDataProviders />
  <CanvasApps>
    <CanvasApp>
      <Name>jvm_yetanothertodoapptest_9f9f2</Name>
      <AppVersion>2023-02-20T21:09:00Z</AppVersion>
      <Status>Ready</Status>
      <CreatedByClientVersion>3.23021.21.0</CreatedByClientVersion>
      <MinClientVersion>3.23021.21.0</MinClientVersion>
      <Tags>{"primaryDeviceWidth":"1366","primaryDeviceHeight":"768","supportsPortrait":"true","supportsLandscape":"true","primaryFormFactor":"Tablet","publisherVersion":"3.23021.21","minimumRequiredApiVersion":"2.2.0","hasComponent":"false","hasUnlockedComponent":"false","isUnifiedRootApp":"false","sienaVersion":"20230220T210900Z-3.23021.21.0"}</Tags>
      <IsCdsUpgraded>0</IsCdsUpgraded>
      <GalleryItemId xsi:nil="true"></GalleryItemId>
      <BackgroundColor>RGBA(0,176,240,1)</BackgroundColor>
      <DisplayName>Yet Another Todo App - Test</DisplayName>
      <Description xsi:nil="true"></Description>
      <CommitMessage xsi:nil="true"></CommitMessage>
      <Publisher xsi:nil="true"></Publisher>
      <AuthorizationReferences>[]</AuthorizationReferences>
      <ConnectionReferences>{"b44e77db-8ba4-4ea8-aa68-72357a96e755":{"id":"/providers/microsoft.powerapps/apis/shared_logicflows","displayName":"Logic flows","iconUri":"https://connectoricons-prod.azureedge.net/releases/v1.0.1615/1.0.1615.3163/logicflows/icon.png","dataSources":["PowerApp-&gt;RunaflowbuiltwithPowerAutomatefordesktop"],"dependencies":["f7e9f82c-2445-46b3-98ac-65bbb09a3c1c"],"dependents":[],"parameterHints":{"workflowName":{"value":"88dee5d9-68fd-492d-a1e6-cde84e425015"},"workflowEntityId":{},"f7e9f82c-2445-46b3-98ac-65bbb09a3c1c":{"value":"shared_uiflow"}},"parameterHintsV2":{"workflowName":{"value":"88dee5d9-68fd-492d-a1e6-cde84e425015"},"workflowEntityId":{},"shared_uiflow":{"value":"f7e9f82c-2445-46b3-98ac-65bbb09a3c1c"}},"isOnPremiseConnection":false,"dataSets":{},"apiTier":"Standard","actions":["Run"]},"f7e9f82c-2445-46b3-98ac-65bbb09a3c1c":{"id":"/providers/microsoft.powerapps/apis/shared_uiflow","displayName":"Desktop flows","iconUri":"https://connectoricons-prod.azureedge.net/releases/v1.0.1617/1.0.1617.3171/uiflow/icon.png","dataSources":[],"dependencies":[],"dependents":["b44e77db-8ba4-4ea8-aa68-72357a96e755"],"parameterHints":{},"parameterHintsV2":{},"isOnPremiseConnection":false,"dataSets":{},"apiTier":"Premium","authenticationType":"azureRelay"}}</ConnectionReferences>
      <DatabaseReferences>{}</DatabaseReferences>
      <AppComponents>[]</AppComponents>
      <AppComponentDependencies>[]</AppComponentDependencies>
      <CanConsumeAppPass>1</CanConsumeAppPass>
      <CanvasAppType>0</CanvasAppType>
      <BypassConsent>0</BypassConsent>
      <AdminControlBypassConsent>0</AdminControlBypassConsent>
      <EmbeddedApp xsi:nil="true"></EmbeddedApp>
      <IntroducedVersion>1.0</IntroducedVersion>
      <CdsDependencies>{"cdsdependencies":[]}</CdsDependencies>
      <IsCustomizable>1</IsCustomizable>
      <BackgroundImageUri>/CanvasApps/jvm_yetanothertodoapptest_9f9f2_BackgroundImageUri</BackgroundImageUri>
      <DocumentUri>/CanvasApps/jvm_yetanothertodoapptest_9f9f2_DocumentUri.msapp</DocumentUri>
    </CanvasApp>
  </CanvasApps>
  <Connectors>
    <Connector>
      <connectorid>40987b06-38dc-4a37-9c82-26f6aa861dc7</connectorid>
      <description></description>
      <displayname>yet another todo - test</displayname>
      <iconbrandcolor>#007ee5</iconbrandcolor>
      <name>jvm_yet-20another-20todo-20-2d-20test</name>
      <connectortype>1</connectortype>
      <scriptoperations>["user-task-list"]</scriptoperations>
      <openapidefinition>/Connector/jvm_yet-20another-20todo-20-2d-20test_openapidefinition.json</openapidefinition>
      <connectionparameters>/Connector/jvm_yet-20another-20todo-20-2d-20test_connectionparameters.json</connectionparameters>
      <policytemplateinstances>/Connector/jvm_yet-20another-20todo-20-2d-20test_policytemplateinstances.json</policytemplateinstances>
      <customcodeblobcontent>/Connector/jvm_yet-20another-20todo-20-2d-20test_customcodeblobcontent.csx</customcodeblobcontent>
      <iconblob>/Connector/jvm_yet-20another-20todo-20-2d-20test_iconblob.Png</iconblob>
    </Connector>
  </Connectors>
  <Languages>
    <Language>1033</Language>
  </Languages>
</ImportExportXml>