<ImportExportXml version="9.2.23014.178" SolutionPackageVersion="9.2" languagecode="1033" generatedBy="CrmLive" xmlns:xsi="http://www.w3.org/2001/XMLSchema-instance">
  <SolutionManifest>
    <UniqueName>yata</UniqueName>
    <LocalizedNames>
      <LocalizedName description="yata" languagecode="1033" />
    </LocalizedNames>
    <Descriptions />
    <Version>1.0.0.2</Version>
    <Managed>1</Managed>
    <Publisher>
      <UniqueName>jvm</UniqueName>
      <LocalizedNames>
        <LocalizedName description="jvm" languagecode="1033" />
      </LocalizedNames>
      <Descriptions />
      <EMailAddress xsi:nil="true"></EMailAddress>
      <SupportingWebsiteUrl xsi:nil="true"></SupportingWebsiteUrl>
      <CustomizationPrefix>jvm</CustomizationPrefix>
      <CustomizationOptionValuePrefix>83857</CustomizationOptionValuePrefix>
      <Addresses>
        <Address>
          <AddressNumber>1</AddressNumber>
          <AddressTypeCode>1</AddressTypeCode>
          <City xsi:nil="true"></City>
          <County xsi:nil="true"></County>
          <Country xsi:nil="true"></Country>
          <Fax xsi:nil="true"></Fax>
          <FreightTermsCode xsi:nil="true"></FreightTermsCode>
          <ImportSequenceNumber xsi:nil="true"></ImportSequenceNumber>
          <Latitude xsi:nil="true"></Latitude>
          <Line1 xsi:nil="true"></Line1>
          <Line2 xsi:nil="true"></Line2>
          <Line3 xsi:nil="true"></Line3>
          <Longitude xsi:nil="true"></Longitude>
          <Name xsi:nil="true"></Name>
          <PostalCode xsi:nil="true"></PostalCode>
          <PostOfficeBox xsi:nil="true"></PostOfficeBox>
          <PrimaryContactName xsi:nil="true"></PrimaryContactName>
          <ShippingMethodCode>1</ShippingMethodCode>
          <StateOrProvince xsi:nil="true"></StateOrProvince>
          <Telephone1 xsi:nil="true"></Telephone1>
          <Telephone2 xsi:nil="true"></Telephone2>
          <Telephone3 xsi:nil="true"></Telephone3>
          <TimeZoneRuleVersionNumber xsi:nil="true"></TimeZoneRuleVersionNumber>
          <UPSZone xsi:nil="true"></UPSZone>
          <UTCOffset xsi:nil="true"></UTCOffset>
          <UTCConversionTimeZoneCode xsi:nil="true"></UTCConversionTimeZoneCode>
        </Address>
        <Address>
          <AddressNumber>2</AddressNumber>
          <AddressTypeCode>1</AddressTypeCode>
          <City xsi:nil="true"></City>
          <County xsi:nil="true"></County>
          <Country xsi:nil="true"></Country>
          <Fax xsi:nil="true"></Fax>
          <FreightTermsCode xsi:nil="true"></FreightTermsCode>
          <ImportSequenceNumber xsi:nil="true"></ImportSequenceNumber>
          <Latitude xsi:nil="true"></Latitude>
          <Line1 xsi:nil="true"></Line1>
          <Line2 xsi:nil="true"></Line2>
          <Line3 xsi:nil="true"></Line3>
          <Longitude xsi:nil="true"></Longitude>
          <Name xsi:nil="true"></Name>
          <PostalCode xsi:nil="true"></PostalCode>
          <PostOfficeBox xsi:nil="true"></PostOfficeBox>
          <PrimaryContactName xsi:nil="true"></PrimaryContactName>
          <ShippingMethodCode>1</ShippingMethodCode>
          <StateOrProvince xsi:nil="true"></StateOrProvince>
          <Telephone1 xsi:nil="true"></Telephone1>
          <Telephone2 xsi:nil="true"></Telephone2>
          <Telephone3 xsi:nil="true"></Telephone3>
          <TimeZoneRuleVersionNumber xsi:nil="true"></TimeZoneRuleVersionNumber>
          <UPSZone xsi:nil="true"></UPSZone>
          <UTCOffset xsi:nil="true"></UTCOffset>
          <UTCConversionTimeZoneCode xsi:nil="true"></UTCConversionTimeZoneCode>
        </Address>
      </Addresses>
    </Publisher>
    <RootComponents>
      <RootComponent type="29" id="{41083ef2-01b3-ed11-83fe-000d3aaca055}" behavior="0" />
      <RootComponent type="29" id="{a8f7858f-70b1-ed11-83fe-000d3aaca055}" behavior="0" />
      <RootComponent type="29" id="{d7910e69-2e6d-4763-82ab-c0845c01f1b6}" behavior="0" />
      <RootComponent type="29" id="{f92361f4-6eb1-ed11-83fe-000d3aaca055}" behavior="0" />
      <RootComponent type="300" schemaName="jvm_yetanothertodoapptest_9f9f2" behavior="0" />
      <RootComponent type="372" id="{40987b06-38dc-4a37-9c82-26f6aa861dc7}" schemaName="jvm_yet-20another-20todo-20-2d-20test" behavior="0" />
    </RootComponents>
    <MissingDependencies>
      <MissingDependency>
        <Required type="connectionreference" displayName="crfff_sharedyet20another20todo202d20test5f2bc5497eef958b55d1da6096942_c92cd" solution="Active" id.connectionreferencelogicalname="crfff_sharedyet20another20todo202d20test5f2bc5497eef958b55d1da6096942_c92cd" />
        <Dependent type="29" displayName="Complete Task - VA" id="{a8f7858f-70b1-ed11-83fe-000d3aaca055}" />
      </MissingDependency>
      <MissingDependency>
        <Required type="connectionreference" displayName="crfff_sharedyet20another20todo202d20test5f2bc5497eef958b55d1da6096942_c92cd" solution="Active" id.connectionreferencelogicalname="crfff_sharedyet20another20todo202d20test5f2bc5497eef958b55d1da6096942_c92cd" />
        <Dependent type="29" displayName="Get Virtual Agent tasks" id="{f92361f4-6eb1-ed11-83fe-000d3aaca055}" />
      </MissingDependency>
    </MissingDependencies>
  </SolutionManifest>
</ImportExportXml>